Feature1,Feature2,Correlation,Relationship
9050.17,8125.55,0.8240920152719902,Positive
8125.55,9050.17,0.8240920152719902,Positive
2388.04,2388.03,0.719667599633831,Positive
2388.03,2388.04,0.719667599633831,Positive
47.20,521.72,-0.7189532124672448,Negative
521.72,47.20,-0.7189532124672448,Negative
